"","title","grade","time"
"1","큐브","10","20.07.08"
"2","소리꾼","10","20.07.08"
"3","후궁 : 제왕의 첩","10","20.07.08"
"4","장화, 홍련","10","20.07.08"
"5","#살아있다","7","20.07.08"
"6","인디아나 존스: 크리스탈 해골의 왕국","10","20.07.08"
"7","코코","10","20.07.08"
"8","밤쉘: 세상을 바꾼 폭탄선언","6","20.07.08"
"9","어린 의뢰인","10","20.07.08"
"10","#살아있다","1","20.07.08"
"11","큐브","10","20.07.08"
"12","소리꾼","10","20.07.08"
"13","후궁 : 제왕의 첩","10","20.07.08"
"14","장화, 홍련","10","20.07.08"
"15","#살아있다","7","20.07.08"
"16","인디아나 존스: 크리스탈 해골의 왕국","10","20.07.08"
"17","코코","10","20.07.08"
"18","밤쉘: 세상을 바꾼 폭탄선언","6","20.07.08"
"19","어린 의뢰인","10","20.07.08"
"20","#살아있다","1","20.07.08"
"21","큐브","10","20.07.08"
"22","소리꾼","10","20.07.08"
"23","후궁 : 제왕의 첩","10","20.07.08"
"24","장화, 홍련","10","20.07.08"
"25","#살아있다","7","20.07.08"
"26","인디아나 존스: 크리스탈 해골의 왕국","10","20.07.08"
"27","코코","10","20.07.08"
"28","밤쉘: 세상을 바꾼 폭탄선언","6","20.07.08"
"29","어린 의뢰인","10","20.07.08"
"30","#살아있다","1","20.07.08"
"31","큐브","10","20.07.08"
"32","소리꾼","10","20.07.08"
"33","후궁 : 제왕의 첩","10","20.07.08"
"34","장화, 홍련","10","20.07.08"
"35","#살아있다","7","20.07.08"
"36","인디아나 존스: 크리스탈 해골의 왕국","10","20.07.08"
"37","코코","10","20.07.08"
"38","밤쉘: 세상을 바꾼 폭탄선언","6","20.07.08"
"39","어린 의뢰인","10","20.07.08"
"40","#살아있다","1","20.07.08"
"41","큐브","10","20.07.08"
"42","소리꾼","10","20.07.08"
"43","후궁 : 제왕의 첩","10","20.07.08"
"44","장화, 홍련","10","20.07.08"
"45","#살아있다","7","20.07.08"
"46","인디아나 존스: 크리스탈 해골의 왕국","10","20.07.08"
"47","코코","10","20.07.08"
"48","밤쉘: 세상을 바꾼 폭탄선언","6","20.07.08"
"49","어린 의뢰인","10","20.07.08"
"50","#살아있다","1","20.07.08"
"51","큐브","10","20.07.08"
"52","소리꾼","10","20.07.08"
"53","후궁 : 제왕의 첩","10","20.07.08"
"54","장화, 홍련","10","20.07.08"
"55","#살아있다","7","20.07.08"
"56","인디아나 존스: 크리스탈 해골의 왕국","10","20.07.08"
"57","코코","10","20.07.08"
"58","밤쉘: 세상을 바꾼 폭탄선언","6","20.07.08"
"59","어린 의뢰인","10","20.07.08"
"60","#살아있다","1","20.07.08"
"61","큐브","10","20.07.08"
"62","소리꾼","10","20.07.08"
"63","후궁 : 제왕의 첩","10","20.07.08"
"64","장화, 홍련","10","20.07.08"
"65","#살아있다","7","20.07.08"
"66","인디아나 존스: 크리스탈 해골의 왕국","10","20.07.08"
"67","코코","10","20.07.08"
"68","밤쉘: 세상을 바꾼 폭탄선언","6","20.07.08"
"69","어린 의뢰인","10","20.07.08"
"70","#살아있다","1","20.07.08"
"71","큐브","10","20.07.08"
"72","소리꾼","10","20.07.08"
"73","후궁 : 제왕의 첩","10","20.07.08"
"74","장화, 홍련","10","20.07.08"
"75","#살아있다","7","20.07.08"
"76","인디아나 존스: 크리스탈 해골의 왕국","10","20.07.08"
"77","코코","10","20.07.08"
"78","밤쉘: 세상을 바꾼 폭탄선언","6","20.07.08"
"79","어린 의뢰인","10","20.07.08"
"80","#살아있다","1","20.07.08"
"81","큐브","10","20.07.08"
"82","소리꾼","10","20.07.08"
"83","후궁 : 제왕의 첩","10","20.07.08"
"84","장화, 홍련","10","20.07.08"
"85","#살아있다","7","20.07.08"
"86","인디아나 존스: 크리스탈 해골의 왕국","10","20.07.08"
"87","코코","10","20.07.08"
"88","밤쉘: 세상을 바꾼 폭탄선언","6","20.07.08"
"89","어린 의뢰인","10","20.07.08"
"90","#살아있다","1","20.07.08"
"91","큐브","10","20.07.08"
"92","소리꾼","10","20.07.08"
"93","후궁 : 제왕의 첩","10","20.07.08"
"94","장화, 홍련","10","20.07.08"
"95","#살아있다","7","20.07.08"
"96","인디아나 존스: 크리스탈 해골의 왕국","10","20.07.08"
"97","코코","10","20.07.08"
"98","밤쉘: 세상을 바꾼 폭탄선언","6","20.07.08"
"99","어린 의뢰인","10","20.07.08"
"100","#살아있다","1","20.07.08"
"101","큐브","10","20.07.08"
"102","소리꾼","10","20.07.08"
"103","후궁 : 제왕의 첩","10","20.07.08"
"104","장화, 홍련","10","20.07.08"
"105","#살아있다","7","20.07.08"
"106","인디아나 존스: 크리스탈 해골의 왕국","10","20.07.08"
"107","코코","10","20.07.08"
"108","밤쉘: 세상을 바꾼 폭탄선언","6","20.07.08"
"109","어린 의뢰인","10","20.07.08"
"110","#살아있다","1","20.07.08"
"111","큐브","10","20.07.08"
"112","소리꾼","10","20.07.08"
"113","후궁 : 제왕의 첩","10","20.07.08"
"114","장화, 홍련","10","20.07.08"
"115","#살아있다","7","20.07.08"
"116","인디아나 존스: 크리스탈 해골의 왕국","10","20.07.08"
"117","코코","10","20.07.08"
"118","밤쉘: 세상을 바꾼 폭탄선언","6","20.07.08"
"119","어린 의뢰인","10","20.07.08"
"120","#살아있다","1","20.07.08"
"121","큐브","10","20.07.08"
"122","소리꾼","10","20.07.08"
"123","후궁 : 제왕의 첩","10","20.07.08"
"124","장화, 홍련","10","20.07.08"
"125","#살아있다","7","20.07.08"
"126","인디아나 존스: 크리스탈 해골의 왕국","10","20.07.08"
"127","코코","10","20.07.08"
"128","밤쉘: 세상을 바꾼 폭탄선언","6","20.07.08"
"129","어린 의뢰인","10","20.07.08"
"130","#살아있다","1","20.07.08"
"131","큐브","10","20.07.08"
"132","소리꾼","10","20.07.08"
"133","후궁 : 제왕의 첩","10","20.07.08"
"134","장화, 홍련","10","20.07.08"
"135","#살아있다","7","20.07.08"
"136","인디아나 존스: 크리스탈 해골의 왕국","10","20.07.08"
"137","코코","10","20.07.08"
"138","밤쉘: 세상을 바꾼 폭탄선언","6","20.07.08"
"139","어린 의뢰인","10","20.07.08"
"140","#살아있다","1","20.07.08"
"141","큐브","10","20.07.08"
"142","소리꾼","10","20.07.08"
"143","후궁 : 제왕의 첩","10","20.07.08"
"144","장화, 홍련","10","20.07.08"
"145","#살아있다","7","20.07.08"
"146","인디아나 존스: 크리스탈 해골의 왕국","10","20.07.08"
"147","코코","10","20.07.08"
"148","밤쉘: 세상을 바꾼 폭탄선언","6","20.07.08"
"149","어린 의뢰인","10","20.07.08"
"150","#살아있다","1","20.07.08"
"151","큐브","10","20.07.08"
"152","소리꾼","10","20.07.08"
"153","후궁 : 제왕의 첩","10","20.07.08"
"154","장화, 홍련","10","20.07.08"
"155","#살아있다","7","20.07.08"
"156","인디아나 존스: 크리스탈 해골의 왕국","10","20.07.08"
"157","코코","10","20.07.08"
"158","밤쉘: 세상을 바꾼 폭탄선언","6","20.07.08"
"159","어린 의뢰인","10","20.07.08"
"160","#살아있다","1","20.07.08"
"161","큐브","10","20.07.08"
"162","소리꾼","10","20.07.08"
"163","후궁 : 제왕의 첩","10","20.07.08"
"164","장화, 홍련","10","20.07.08"
"165","#살아있다","7","20.07.08"
"166","인디아나 존스: 크리스탈 해골의 왕국","10","20.07.08"
"167","코코","10","20.07.08"
"168","밤쉘: 세상을 바꾼 폭탄선언","6","20.07.08"
"169","어린 의뢰인","10","20.07.08"
"170","#살아있다","1","20.07.08"
"171","큐브","10","20.07.08"
"172","소리꾼","10","20.07.08"
"173","후궁 : 제왕의 첩","10","20.07.08"
"174","장화, 홍련","10","20.07.08"
"175","#살아있다","7","20.07.08"
"176","인디아나 존스: 크리스탈 해골의 왕국","10","20.07.08"
"177","코코","10","20.07.08"
"178","밤쉘: 세상을 바꾼 폭탄선언","6","20.07.08"
"179","어린 의뢰인","10","20.07.08"
"180","#살아있다","1","20.07.08"
"181","큐브","10","20.07.08"
"182","소리꾼","10","20.07.08"
"183","후궁 : 제왕의 첩","10","20.07.08"
"184","장화, 홍련","10","20.07.08"
"185","#살아있다","7","20.07.08"
"186","인디아나 존스: 크리스탈 해골의 왕국","10","20.07.08"
"187","코코","10","20.07.08"
"188","밤쉘: 세상을 바꾼 폭탄선언","6","20.07.08"
"189","어린 의뢰인","10","20.07.08"
"190","#살아있다","1","20.07.08"
"191","큐브","10","20.07.08"
"192","소리꾼","10","20.07.08"
"193","후궁 : 제왕의 첩","10","20.07.08"
"194","장화, 홍련","10","20.07.08"
"195","#살아있다","7","20.07.08"
"196","인디아나 존스: 크리스탈 해골의 왕국","10","20.07.08"
"197","코코","10","20.07.08"
"198","밤쉘: 세상을 바꾼 폭탄선언","6","20.07.08"
"199","어린 의뢰인","10","20.07.08"
"200","#살아있다","1","20.07.08"
"201","큐브","10","20.07.08"
"202","소리꾼","10","20.07.08"
"203","후궁 : 제왕의 첩","10","20.07.08"
"204","장화, 홍련","10","20.07.08"
"205","#살아있다","7","20.07.08"
"206","인디아나 존스: 크리스탈 해골의 왕국","10","20.07.08"
"207","코코","10","20.07.08"
"208","밤쉘: 세상을 바꾼 폭탄선언","6","20.07.08"
"209","어린 의뢰인","10","20.07.08"
"210","#살아있다","1","20.07.08"
"211","큐브","10","20.07.08"
"212","소리꾼","10","20.07.08"
"213","후궁 : 제왕의 첩","10","20.07.08"
"214","장화, 홍련","10","20.07.08"
"215","#살아있다","7","20.07.08"
"216","인디아나 존스: 크리스탈 해골의 왕국","10","20.07.08"
"217","코코","10","20.07.08"
"218","밤쉘: 세상을 바꾼 폭탄선언","6","20.07.08"
"219","어린 의뢰인","10","20.07.08"
"220","#살아있다","1","20.07.08"
"221","큐브","10","20.07.08"
"222","소리꾼","10","20.07.08"
"223","후궁 : 제왕의 첩","10","20.07.08"
"224","장화, 홍련","10","20.07.08"
"225","#살아있다","7","20.07.08"
"226","인디아나 존스: 크리스탈 해골의 왕국","10","20.07.08"
"227","코코","10","20.07.08"
"228","밤쉘: 세상을 바꾼 폭탄선언","6","20.07.08"
"229","어린 의뢰인","10","20.07.08"
"230","#살아있다","1","20.07.08"
"231","큐브","10","20.07.08"
"232","소리꾼","10","20.07.08"
"233","후궁 : 제왕의 첩","10","20.07.08"
"234","장화, 홍련","10","20.07.08"
"235","#살아있다","7","20.07.08"
"236","인디아나 존스: 크리스탈 해골의 왕국","10","20.07.08"
"237","코코","10","20.07.08"
"238","밤쉘: 세상을 바꾼 폭탄선언","6","20.07.08"
"239","어린 의뢰인","10","20.07.08"
"240","#살아있다","1","20.07.08"
"241","큐브","10","20.07.08"
"242","소리꾼","10","20.07.08"
"243","후궁 : 제왕의 첩","10","20.07.08"
"244","장화, 홍련","10","20.07.08"
"245","#살아있다","7","20.07.08"
"246","인디아나 존스: 크리스탈 해골의 왕국","10","20.07.08"
"247","코코","10","20.07.08"
"248","밤쉘: 세상을 바꾼 폭탄선언","6","20.07.08"
"249","어린 의뢰인","10","20.07.08"
"250","#살아있다","1","20.07.08"
"251","큐브","10","20.07.08"
"252","소리꾼","10","20.07.08"
"253","후궁 : 제왕의 첩","10","20.07.08"
"254","장화, 홍련","10","20.07.08"
"255","#살아있다","7","20.07.08"
"256","인디아나 존스: 크리스탈 해골의 왕국","10","20.07.08"
"257","코코","10","20.07.08"
"258","밤쉘: 세상을 바꾼 폭탄선언","6","20.07.08"
"259","어린 의뢰인","10","20.07.08"
"260","#살아있다","1","20.07.08"
"261","큐브","10","20.07.08"
"262","소리꾼","10","20.07.08"
"263","후궁 : 제왕의 첩","10","20.07.08"
"264","장화, 홍련","10","20.07.08"
"265","#살아있다","7","20.07.08"
"266","인디아나 존스: 크리스탈 해골의 왕국","10","20.07.08"
"267","코코","10","20.07.08"
"268","밤쉘: 세상을 바꾼 폭탄선언","6","20.07.08"
"269","어린 의뢰인","10","20.07.08"
"270","#살아있다","1","20.07.08"
"271","큐브","10","20.07.08"
"272","소리꾼","10","20.07.08"
"273","후궁 : 제왕의 첩","10","20.07.08"
"274","장화, 홍련","10","20.07.08"
"275","#살아있다","7","20.07.08"
"276","인디아나 존스: 크리스탈 해골의 왕국","10","20.07.08"
"277","코코","10","20.07.08"
"278","밤쉘: 세상을 바꾼 폭탄선언","6","20.07.08"
"279","어린 의뢰인","10","20.07.08"
"280","#살아있다","1","20.07.08"
"281","큐브","10","20.07.08"
"282","소리꾼","10","20.07.08"
"283","후궁 : 제왕의 첩","10","20.07.08"
"284","장화, 홍련","10","20.07.08"
"285","#살아있다","7","20.07.08"
"286","인디아나 존스: 크리스탈 해골의 왕국","10","20.07.08"
"287","코코","10","20.07.08"
"288","밤쉘: 세상을 바꾼 폭탄선언","6","20.07.08"
"289","어린 의뢰인","10","20.07.08"
"290","#살아있다","1","20.07.08"
"291","큐브","10","20.07.08"
"292","소리꾼","10","20.07.08"
"293","후궁 : 제왕의 첩","10","20.07.08"
"294","장화, 홍련","10","20.07.08"
"295","#살아있다","7","20.07.08"
"296","인디아나 존스: 크리스탈 해골의 왕국","10","20.07.08"
"297","코코","10","20.07.08"
"298","밤쉘: 세상을 바꾼 폭탄선언","6","20.07.08"
"299","어린 의뢰인","10","20.07.08"
"300","#살아있다","1","20.07.08"
"301","큐브","10","20.07.08"
"302","소리꾼","10","20.07.08"
"303","후궁 : 제왕의 첩","10","20.07.08"
"304","장화, 홍련","10","20.07.08"
"305","#살아있다","7","20.07.08"
"306","인디아나 존스: 크리스탈 해골의 왕국","10","20.07.08"
"307","코코","10","20.07.08"
"308","밤쉘: 세상을 바꾼 폭탄선언","6","20.07.08"
"309","어린 의뢰인","10","20.07.08"
"310","#살아있다","1","20.07.08"
"311","큐브","10","20.07.08"
"312","소리꾼","10","20.07.08"
"313","후궁 : 제왕의 첩","10","20.07.08"
"314","장화, 홍련","10","20.07.08"
"315","#살아있다","7","20.07.08"
"316","인디아나 존스: 크리스탈 해골의 왕국","10","20.07.08"
"317","코코","10","20.07.08"
"318","밤쉘: 세상을 바꾼 폭탄선언","6","20.07.08"
"319","어린 의뢰인","10","20.07.08"
"320","#살아있다","1","20.07.08"
"321","큐브","10","20.07.08"
"322","소리꾼","10","20.07.08"
"323","후궁 : 제왕의 첩","10","20.07.08"
"324","장화, 홍련","10","20.07.08"
"325","#살아있다","7","20.07.08"
"326","인디아나 존스: 크리스탈 해골의 왕국","10","20.07.08"
"327","코코","10","20.07.08"
"328","밤쉘: 세상을 바꾼 폭탄선언","6","20.07.08"
"329","어린 의뢰인","10","20.07.08"
"330","#살아있다","1","20.07.08"
"331","큐브","10","20.07.08"
"332","소리꾼","10","20.07.08"
"333","후궁 : 제왕의 첩","10","20.07.08"
"334","장화, 홍련","10","20.07.08"
"335","#살아있다","7","20.07.08"
"336","인디아나 존스: 크리스탈 해골의 왕국","10","20.07.08"
"337","코코","10","20.07.08"
"338","밤쉘: 세상을 바꾼 폭탄선언","6","20.07.08"
"339","어린 의뢰인","10","20.07.08"
"340","#살아있다","1","20.07.08"
"341","큐브","10","20.07.08"
"342","소리꾼","10","20.07.08"
"343","후궁 : 제왕의 첩","10","20.07.08"
"344","장화, 홍련","10","20.07.08"
"345","#살아있다","7","20.07.08"
"346","인디아나 존스: 크리스탈 해골의 왕국","10","20.07.08"
"347","코코","10","20.07.08"
"348","밤쉘: 세상을 바꾼 폭탄선언","6","20.07.08"
"349","어린 의뢰인","10","20.07.08"
"350","#살아있다","1","20.07.08"
"351","큐브","10","20.07.08"
"352","소리꾼","10","20.07.08"
"353","후궁 : 제왕의 첩","10","20.07.08"
"354","장화, 홍련","10","20.07.08"
"355","#살아있다","7","20.07.08"
"356","인디아나 존스: 크리스탈 해골의 왕국","10","20.07.08"
"357","코코","10","20.07.08"
"358","밤쉘: 세상을 바꾼 폭탄선언","6","20.07.08"
"359","어린 의뢰인","10","20.07.08"
"360","#살아있다","1","20.07.08"
"361","큐브","10","20.07.08"
"362","소리꾼","10","20.07.08"
"363","후궁 : 제왕의 첩","10","20.07.08"
"364","장화, 홍련","10","20.07.08"
"365","#살아있다","7","20.07.08"
"366","인디아나 존스: 크리스탈 해골의 왕국","10","20.07.08"
"367","코코","10","20.07.08"
"368","밤쉘: 세상을 바꾼 폭탄선언","6","20.07.08"
"369","어린 의뢰인","10","20.07.08"
"370","#살아있다","1","20.07.08"
"371","큐브","10","20.07.08"
"372","소리꾼","10","20.07.08"
"373","후궁 : 제왕의 첩","10","20.07.08"
"374","장화, 홍련","10","20.07.08"
"375","#살아있다","7","20.07.08"
"376","인디아나 존스: 크리스탈 해골의 왕국","10","20.07.08"
"377","코코","10","20.07.08"
"378","밤쉘: 세상을 바꾼 폭탄선언","6","20.07.08"
"379","어린 의뢰인","10","20.07.08"
"380","#살아있다","1","20.07.08"
"381","큐브","10","20.07.08"
"382","소리꾼","10","20.07.08"
"383","후궁 : 제왕의 첩","10","20.07.08"
"384","장화, 홍련","10","20.07.08"
"385","#살아있다","7","20.07.08"
"386","인디아나 존스: 크리스탈 해골의 왕국","10","20.07.08"
"387","코코","10","20.07.08"
"388","밤쉘: 세상을 바꾼 폭탄선언","6","20.07.08"
"389","어린 의뢰인","10","20.07.08"
"390","#살아있다","1","20.07.08"
"391","큐브","10","20.07.08"
"392","소리꾼","10","20.07.08"
"393","후궁 : 제왕의 첩","10","20.07.08"
"394","장화, 홍련","10","20.07.08"
"395","#살아있다","7","20.07.08"
"396","인디아나 존스: 크리스탈 해골의 왕국","10","20.07.08"
"397","코코","10","20.07.08"
"398","밤쉘: 세상을 바꾼 폭탄선언","6","20.07.08"
"399","어린 의뢰인","10","20.07.08"
"400","#살아있다","1","20.07.08"
"401","큐브","10","20.07.08"
"402","소리꾼","10","20.07.08"
"403","후궁 : 제왕의 첩","10","20.07.08"
"404","장화, 홍련","10","20.07.08"
"405","#살아있다","7","20.07.08"
"406","인디아나 존스: 크리스탈 해골의 왕국","10","20.07.08"
"407","코코","10","20.07.08"
"408","밤쉘: 세상을 바꾼 폭탄선언","6","20.07.08"
"409","어린 의뢰인","10","20.07.08"
"410","#살아있다","1","20.07.08"
"411","큐브","10","20.07.08"
"412","소리꾼","10","20.07.08"
"413","후궁 : 제왕의 첩","10","20.07.08"
"414","장화, 홍련","10","20.07.08"
"415","#살아있다","7","20.07.08"
"416","인디아나 존스: 크리스탈 해골의 왕국","10","20.07.08"
"417","코코","10","20.07.08"
"418","밤쉘: 세상을 바꾼 폭탄선언","6","20.07.08"
"419","어린 의뢰인","10","20.07.08"
"420","#살아있다","1","20.07.08"
"421","큐브","10","20.07.08"
"422","소리꾼","10","20.07.08"
"423","후궁 : 제왕의 첩","10","20.07.08"
"424","장화, 홍련","10","20.07.08"
"425","#살아있다","7","20.07.08"
"426","인디아나 존스: 크리스탈 해골의 왕국","10","20.07.08"
"427","코코","10","20.07.08"
"428","밤쉘: 세상을 바꾼 폭탄선언","6","20.07.08"
"429","어린 의뢰인","10","20.07.08"
"430","#살아있다","1","20.07.08"
"431","큐브","10","20.07.08"
"432","소리꾼","10","20.07.08"
"433","후궁 : 제왕의 첩","10","20.07.08"
"434","장화, 홍련","10","20.07.08"
"435","#살아있다","7","20.07.08"
"436","인디아나 존스: 크리스탈 해골의 왕국","10","20.07.08"
"437","코코","10","20.07.08"
"438","밤쉘: 세상을 바꾼 폭탄선언","6","20.07.08"
"439","어린 의뢰인","10","20.07.08"
"440","#살아있다","1","20.07.08"
"441","큐브","10","20.07.08"
"442","소리꾼","10","20.07.08"
"443","후궁 : 제왕의 첩","10","20.07.08"
"444","장화, 홍련","10","20.07.08"
"445","#살아있다","7","20.07.08"
"446","인디아나 존스: 크리스탈 해골의 왕국","10","20.07.08"
"447","코코","10","20.07.08"
"448","밤쉘: 세상을 바꾼 폭탄선언","6","20.07.08"
"449","어린 의뢰인","10","20.07.08"
"450","#살아있다","1","20.07.08"
"451","큐브","10","20.07.08"
"452","소리꾼","10","20.07.08"
"453","후궁 : 제왕의 첩","10","20.07.08"
"454","장화, 홍련","10","20.07.08"
"455","#살아있다","7","20.07.08"
"456","인디아나 존스: 크리스탈 해골의 왕국","10","20.07.08"
"457","코코","10","20.07.08"
"458","밤쉘: 세상을 바꾼 폭탄선언","6","20.07.08"
"459","어린 의뢰인","10","20.07.08"
"460","#살아있다","1","20.07.08"
"461","큐브","10","20.07.08"
"462","소리꾼","10","20.07.08"
"463","후궁 : 제왕의 첩","10","20.07.08"
"464","장화, 홍련","10","20.07.08"
"465","#살아있다","7","20.07.08"
"466","인디아나 존스: 크리스탈 해골의 왕국","10","20.07.08"
"467","코코","10","20.07.08"
"468","밤쉘: 세상을 바꾼 폭탄선언","6","20.07.08"
"469","어린 의뢰인","10","20.07.08"
"470","#살아있다","1","20.07.08"
"471","큐브","10","20.07.08"
"472","소리꾼","10","20.07.08"
"473","후궁 : 제왕의 첩","10","20.07.08"
"474","장화, 홍련","10","20.07.08"
"475","#살아있다","7","20.07.08"
"476","인디아나 존스: 크리스탈 해골의 왕국","10","20.07.08"
"477","코코","10","20.07.08"
"478","밤쉘: 세상을 바꾼 폭탄선언","6","20.07.08"
"479","어린 의뢰인","10","20.07.08"
"480","#살아있다","1","20.07.08"
"481","큐브","10","20.07.08"
"482","소리꾼","10","20.07.08"
"483","후궁 : 제왕의 첩","10","20.07.08"
"484","장화, 홍련","10","20.07.08"
"485","#살아있다","7","20.07.08"
"486","인디아나 존스: 크리스탈 해골의 왕국","10","20.07.08"
"487","코코","10","20.07.08"
"488","밤쉘: 세상을 바꾼 폭탄선언","6","20.07.08"
"489","어린 의뢰인","10","20.07.08"
"490","#살아있다","1","20.07.08"
"491","큐브","10","20.07.08"
"492","소리꾼","10","20.07.08"
"493","후궁 : 제왕의 첩","10","20.07.08"
"494","장화, 홍련","10","20.07.08"
"495","#살아있다","7","20.07.08"
"496","인디아나 존스: 크리스탈 해골의 왕국","10","20.07.08"
"497","코코","10","20.07.08"
"498","밤쉘: 세상을 바꾼 폭탄선언","6","20.07.08"
"499","어린 의뢰인","10","20.07.08"
"500","#살아있다","1","20.07.08"
"501","큐브","10","20.07.08"
"502","소리꾼","10","20.07.08"
"503","후궁 : 제왕의 첩","10","20.07.08"
"504","장화, 홍련","10","20.07.08"
"505","#살아있다","7","20.07.08"
"506","인디아나 존스: 크리스탈 해골의 왕국","10","20.07.08"
"507","코코","10","20.07.08"
"508","밤쉘: 세상을 바꾼 폭탄선언","6","20.07.08"
"509","어린 의뢰인","10","20.07.08"
"510","#살아있다","1","20.07.08"
"511","큐브","10","20.07.08"
"512","소리꾼","10","20.07.08"
"513","후궁 : 제왕의 첩","10","20.07.08"
"514","장화, 홍련","10","20.07.08"
"515","#살아있다","7","20.07.08"
"516","인디아나 존스: 크리스탈 해골의 왕국","10","20.07.08"
"517","코코","10","20.07.08"
"518","밤쉘: 세상을 바꾼 폭탄선언","6","20.07.08"
"519","어린 의뢰인","10","20.07.08"
"520","#살아있다","1","20.07.08"
"521","큐브","10","20.07.08"
"522","소리꾼","10","20.07.08"
"523","후궁 : 제왕의 첩","10","20.07.08"
"524","장화, 홍련","10","20.07.08"
"525","#살아있다","7","20.07.08"
"526","인디아나 존스: 크리스탈 해골의 왕국","10","20.07.08"
"527","코코","10","20.07.08"
"528","밤쉘: 세상을 바꾼 폭탄선언","6","20.07.08"
"529","어린 의뢰인","10","20.07.08"
"530","#살아있다","1","20.07.08"
"531","큐브","10","20.07.08"
"532","소리꾼","10","20.07.08"
"533","후궁 : 제왕의 첩","10","20.07.08"
"534","장화, 홍련","10","20.07.08"
"535","#살아있다","7","20.07.08"
"536","인디아나 존스: 크리스탈 해골의 왕국","10","20.07.08"
"537","코코","10","20.07.08"
"538","밤쉘: 세상을 바꾼 폭탄선언","6","20.07.08"
"539","어린 의뢰인","10","20.07.08"
"540","#살아있다","1","20.07.08"
"541","큐브","10","20.07.08"
"542","소리꾼","10","20.07.08"
"543","후궁 : 제왕의 첩","10","20.07.08"
"544","장화, 홍련","10","20.07.08"
"545","#살아있다","7","20.07.08"
"546","인디아나 존스: 크리스탈 해골의 왕국","10","20.07.08"
"547","코코","10","20.07.08"
"548","밤쉘: 세상을 바꾼 폭탄선언","6","20.07.08"
"549","어린 의뢰인","10","20.07.08"
"550","#살아있다","1","20.07.08"
"551","큐브","10","20.07.08"
"552","소리꾼","10","20.07.08"
"553","후궁 : 제왕의 첩","10","20.07.08"
"554","장화, 홍련","10","20.07.08"
"555","#살아있다","7","20.07.08"
"556","인디아나 존스: 크리스탈 해골의 왕국","10","20.07.08"
"557","코코","10","20.07.08"
"558","밤쉘: 세상을 바꾼 폭탄선언","6","20.07.08"
"559","어린 의뢰인","10","20.07.08"
"560","#살아있다","1","20.07.08"
"561","큐브","10","20.07.08"
"562","소리꾼","10","20.07.08"
"563","후궁 : 제왕의 첩","10","20.07.08"
"564","장화, 홍련","10","20.07.08"
"565","#살아있다","7","20.07.08"
"566","인디아나 존스: 크리스탈 해골의 왕국","10","20.07.08"
"567","코코","10","20.07.08"
"568","밤쉘: 세상을 바꾼 폭탄선언","6","20.07.08"
"569","어린 의뢰인","10","20.07.08"
"570","#살아있다","1","20.07.08"
"571","큐브","10","20.07.08"
"572","소리꾼","10","20.07.08"
"573","후궁 : 제왕의 첩","10","20.07.08"
"574","장화, 홍련","10","20.07.08"
"575","#살아있다","7","20.07.08"
"576","인디아나 존스: 크리스탈 해골의 왕국","10","20.07.08"
"577","코코","10","20.07.08"
"578","밤쉘: 세상을 바꾼 폭탄선언","6","20.07.08"
"579","어린 의뢰인","10","20.07.08"
"580","#살아있다","1","20.07.08"
"581","큐브","10","20.07.08"
"582","소리꾼","10","20.07.08"
"583","후궁 : 제왕의 첩","10","20.07.08"
"584","장화, 홍련","10","20.07.08"
"585","#살아있다","7","20.07.08"
"586","인디아나 존스: 크리스탈 해골의 왕국","10","20.07.08"
"587","코코","10","20.07.08"
"588","밤쉘: 세상을 바꾼 폭탄선언","6","20.07.08"
"589","어린 의뢰인","10","20.07.08"
"590","#살아있다","1","20.07.08"
"591","큐브","10","20.07.08"
"592","소리꾼","10","20.07.08"
"593","후궁 : 제왕의 첩","10","20.07.08"
"594","장화, 홍련","10","20.07.08"
"595","#살아있다","7","20.07.08"
"596","인디아나 존스: 크리스탈 해골의 왕국","10","20.07.08"
"597","코코","10","20.07.08"
"598","밤쉘: 세상을 바꾼 폭탄선언","6","20.07.08"
"599","어린 의뢰인","10","20.07.08"
"600","#살아있다","1","20.07.08"
"601","큐브","10","20.07.08"
"602","소리꾼","10","20.07.08"
"603","후궁 : 제왕의 첩","10","20.07.08"
"604","장화, 홍련","10","20.07.08"
"605","#살아있다","7","20.07.08"
"606","인디아나 존스: 크리스탈 해골의 왕국","10","20.07.08"
"607","코코","10","20.07.08"
"608","밤쉘: 세상을 바꾼 폭탄선언","6","20.07.08"
"609","어린 의뢰인","10","20.07.08"
"610","#살아있다","1","20.07.08"
"611","큐브","10","20.07.08"
"612","소리꾼","10","20.07.08"
"613","후궁 : 제왕의 첩","10","20.07.08"
"614","장화, 홍련","10","20.07.08"
"615","#살아있다","7","20.07.08"
"616","인디아나 존스: 크리스탈 해골의 왕국","10","20.07.08"
"617","코코","10","20.07.08"
"618","밤쉘: 세상을 바꾼 폭탄선언","6","20.07.08"
"619","어린 의뢰인","10","20.07.08"
"620","#살아있다","1","20.07.08"
"621","큐브","10","20.07.08"
"622","소리꾼","10","20.07.08"
"623","후궁 : 제왕의 첩","10","20.07.08"
"624","장화, 홍련","10","20.07.08"
"625","#살아있다","7","20.07.08"
"626","인디아나 존스: 크리스탈 해골의 왕국","10","20.07.08"
"627","코코","10","20.07.08"
"628","밤쉘: 세상을 바꾼 폭탄선언","6","20.07.08"
"629","어린 의뢰인","10","20.07.08"
"630","#살아있다","1","20.07.08"
"631","큐브","10","20.07.08"
"632","소리꾼","10","20.07.08"
"633","후궁 : 제왕의 첩","10","20.07.08"
"634","장화, 홍련","10","20.07.08"
"635","#살아있다","7","20.07.08"
"636","인디아나 존스: 크리스탈 해골의 왕국","10","20.07.08"
"637","코코","10","20.07.08"
"638","밤쉘: 세상을 바꾼 폭탄선언","6","20.07.08"
"639","어린 의뢰인","10","20.07.08"
"640","#살아있다","1","20.07.08"
"641","큐브","10","20.07.08"
"642","소리꾼","10","20.07.08"
"643","후궁 : 제왕의 첩","10","20.07.08"
"644","장화, 홍련","10","20.07.08"
"645","#살아있다","7","20.07.08"
"646","인디아나 존스: 크리스탈 해골의 왕국","10","20.07.08"
"647","코코","10","20.07.08"
"648","밤쉘: 세상을 바꾼 폭탄선언","6","20.07.08"
"649","어린 의뢰인","10","20.07.08"
"650","#살아있다","1","20.07.08"
"651","큐브","10","20.07.08"
"652","소리꾼","10","20.07.08"
"653","후궁 : 제왕의 첩","10","20.07.08"
"654","장화, 홍련","10","20.07.08"
"655","#살아있다","7","20.07.08"
"656","인디아나 존스: 크리스탈 해골의 왕국","10","20.07.08"
"657","코코","10","20.07.08"
"658","밤쉘: 세상을 바꾼 폭탄선언","6","20.07.08"
"659","어린 의뢰인","10","20.07.08"
"660","#살아있다","1","20.07.08"
"661","큐브","10","20.07.08"
"662","소리꾼","10","20.07.08"
"663","후궁 : 제왕의 첩","10","20.07.08"
"664","장화, 홍련","10","20.07.08"
"665","#살아있다","7","20.07.08"
"666","인디아나 존스: 크리스탈 해골의 왕국","10","20.07.08"
"667","코코","10","20.07.08"
"668","밤쉘: 세상을 바꾼 폭탄선언","6","20.07.08"
"669","어린 의뢰인","10","20.07.08"
"670","#살아있다","1","20.07.08"
"671","큐브","10","20.07.08"
"672","소리꾼","10","20.07.08"
"673","후궁 : 제왕의 첩","10","20.07.08"
"674","장화, 홍련","10","20.07.08"
"675","#살아있다","7","20.07.08"
"676","인디아나 존스: 크리스탈 해골의 왕국","10","20.07.08"
"677","코코","10","20.07.08"
"678","밤쉘: 세상을 바꾼 폭탄선언","6","20.07.08"
"679","어린 의뢰인","10","20.07.08"
"680","#살아있다","1","20.07.08"
"681","큐브","10","20.07.08"
"682","소리꾼","10","20.07.08"
"683","후궁 : 제왕의 첩","10","20.07.08"
"684","장화, 홍련","10","20.07.08"
"685","#살아있다","7","20.07.08"
"686","인디아나 존스: 크리스탈 해골의 왕국","10","20.07.08"
"687","코코","10","20.07.08"
"688","밤쉘: 세상을 바꾼 폭탄선언","6","20.07.08"
"689","어린 의뢰인","10","20.07.08"
"690","#살아있다","1","20.07.08"
"691","큐브","10","20.07.08"
"692","소리꾼","10","20.07.08"
"693","후궁 : 제왕의 첩","10","20.07.08"
"694","장화, 홍련","10","20.07.08"
"695","#살아있다","7","20.07.08"
"696","인디아나 존스: 크리스탈 해골의 왕국","10","20.07.08"
"697","코코","10","20.07.08"
"698","밤쉘: 세상을 바꾼 폭탄선언","6","20.07.08"
"699","어린 의뢰인","10","20.07.08"
"700","#살아있다","1","20.07.08"
"701","큐브","10","20.07.08"
"702","소리꾼","10","20.07.08"
"703","후궁 : 제왕의 첩","10","20.07.08"
"704","장화, 홍련","10","20.07.08"
"705","#살아있다","7","20.07.08"
"706","인디아나 존스: 크리스탈 해골의 왕국","10","20.07.08"
"707","코코","10","20.07.08"
"708","밤쉘: 세상을 바꾼 폭탄선언","6","20.07.08"
"709","어린 의뢰인","10","20.07.08"
"710","#살아있다","1","20.07.08"
"711","큐브","10","20.07.08"
"712","소리꾼","10","20.07.08"
"713","후궁 : 제왕의 첩","10","20.07.08"
"714","장화, 홍련","10","20.07.08"
"715","#살아있다","7","20.07.08"
"716","인디아나 존스: 크리스탈 해골의 왕국","10","20.07.08"
"717","코코","10","20.07.08"
"718","밤쉘: 세상을 바꾼 폭탄선언","6","20.07.08"
"719","어린 의뢰인","10","20.07.08"
"720","#살아있다","1","20.07.08"
"721","큐브","10","20.07.08"
"722","소리꾼","10","20.07.08"
"723","후궁 : 제왕의 첩","10","20.07.08"
"724","장화, 홍련","10","20.07.08"
"725","#살아있다","7","20.07.08"
"726","인디아나 존스: 크리스탈 해골의 왕국","10","20.07.08"
"727","코코","10","20.07.08"
"728","밤쉘: 세상을 바꾼 폭탄선언","6","20.07.08"
"729","어린 의뢰인","10","20.07.08"
"730","#살아있다","1","20.07.08"
"731","큐브","10","20.07.08"
"732","소리꾼","10","20.07.08"
"733","후궁 : 제왕의 첩","10","20.07.08"
"734","장화, 홍련","10","20.07.08"
"735","#살아있다","7","20.07.08"
"736","인디아나 존스: 크리스탈 해골의 왕국","10","20.07.08"
"737","코코","10","20.07.08"
"738","밤쉘: 세상을 바꾼 폭탄선언","6","20.07.08"
"739","어린 의뢰인","10","20.07.08"
"740","#살아있다","1","20.07.08"
"741","큐브","10","20.07.08"
"742","소리꾼","10","20.07.08"
"743","후궁 : 제왕의 첩","10","20.07.08"
"744","장화, 홍련","10","20.07.08"
"745","#살아있다","7","20.07.08"
"746","인디아나 존스: 크리스탈 해골의 왕국","10","20.07.08"
"747","코코","10","20.07.08"
"748","밤쉘: 세상을 바꾼 폭탄선언","6","20.07.08"
"749","어린 의뢰인","10","20.07.08"
"750","#살아있다","1","20.07.08"
"751","큐브","10","20.07.08"
"752","소리꾼","10","20.07.08"
"753","후궁 : 제왕의 첩","10","20.07.08"
"754","장화, 홍련","10","20.07.08"
"755","#살아있다","7","20.07.08"
"756","인디아나 존스: 크리스탈 해골의 왕국","10","20.07.08"
"757","코코","10","20.07.08"
"758","밤쉘: 세상을 바꾼 폭탄선언","6","20.07.08"
"759","어린 의뢰인","10","20.07.08"
"760","#살아있다","1","20.07.08"
"761","큐브","10","20.07.08"
"762","소리꾼","10","20.07.08"
"763","후궁 : 제왕의 첩","10","20.07.08"
"764","장화, 홍련","10","20.07.08"
"765","#살아있다","7","20.07.08"
"766","인디아나 존스: 크리스탈 해골의 왕국","10","20.07.08"
"767","코코","10","20.07.08"
"768","밤쉘: 세상을 바꾼 폭탄선언","6","20.07.08"
"769","어린 의뢰인","10","20.07.08"
"770","#살아있다","1","20.07.08"
"771","큐브","10","20.07.08"
"772","소리꾼","10","20.07.08"
"773","후궁 : 제왕의 첩","10","20.07.08"
"774","장화, 홍련","10","20.07.08"
"775","#살아있다","7","20.07.08"
"776","인디아나 존스: 크리스탈 해골의 왕국","10","20.07.08"
"777","코코","10","20.07.08"
"778","밤쉘: 세상을 바꾼 폭탄선언","6","20.07.08"
"779","어린 의뢰인","10","20.07.08"
"780","#살아있다","1","20.07.08"
"781","큐브","10","20.07.08"
"782","소리꾼","10","20.07.08"
"783","후궁 : 제왕의 첩","10","20.07.08"
"784","장화, 홍련","10","20.07.08"
"785","#살아있다","7","20.07.08"
"786","인디아나 존스: 크리스탈 해골의 왕국","10","20.07.08"
"787","코코","10","20.07.08"
"788","밤쉘: 세상을 바꾼 폭탄선언","6","20.07.08"
"789","어린 의뢰인","10","20.07.08"
"790","#살아있다","1","20.07.08"
"791","큐브","10","20.07.08"
"792","소리꾼","10","20.07.08"
"793","후궁 : 제왕의 첩","10","20.07.08"
"794","장화, 홍련","10","20.07.08"
"795","#살아있다","7","20.07.08"
"796","인디아나 존스: 크리스탈 해골의 왕국","10","20.07.08"
"797","코코","10","20.07.08"
"798","밤쉘: 세상을 바꾼 폭탄선언","6","20.07.08"
"799","어린 의뢰인","10","20.07.08"
"800","#살아있다","1","20.07.08"
"801","큐브","10","20.07.08"
"802","소리꾼","10","20.07.08"
"803","후궁 : 제왕의 첩","10","20.07.08"
"804","장화, 홍련","10","20.07.08"
"805","#살아있다","7","20.07.08"
"806","인디아나 존스: 크리스탈 해골의 왕국","10","20.07.08"
"807","코코","10","20.07.08"
"808","밤쉘: 세상을 바꾼 폭탄선언","6","20.07.08"
"809","어린 의뢰인","10","20.07.08"
"810","#살아있다","1","20.07.08"
"811","큐브","10","20.07.08"
"812","소리꾼","10","20.07.08"
"813","후궁 : 제왕의 첩","10","20.07.08"
"814","장화, 홍련","10","20.07.08"
"815","#살아있다","7","20.07.08"
"816","인디아나 존스: 크리스탈 해골의 왕국","10","20.07.08"
"817","코코","10","20.07.08"
"818","밤쉘: 세상을 바꾼 폭탄선언","6","20.07.08"
"819","어린 의뢰인","10","20.07.08"
"820","#살아있다","1","20.07.08"
"821","큐브","10","20.07.08"
"822","소리꾼","10","20.07.08"
"823","후궁 : 제왕의 첩","10","20.07.08"
"824","장화, 홍련","10","20.07.08"
"825","#살아있다","7","20.07.08"
"826","인디아나 존스: 크리스탈 해골의 왕국","10","20.07.08"
"827","코코","10","20.07.08"
"828","밤쉘: 세상을 바꾼 폭탄선언","6","20.07.08"
"829","어린 의뢰인","10","20.07.08"
"830","#살아있다","1","20.07.08"
"831","큐브","10","20.07.08"
"832","소리꾼","10","20.07.08"
"833","후궁 : 제왕의 첩","10","20.07.08"
"834","장화, 홍련","10","20.07.08"
"835","#살아있다","7","20.07.08"
"836","인디아나 존스: 크리스탈 해골의 왕국","10","20.07.08"
"837","코코","10","20.07.08"
"838","밤쉘: 세상을 바꾼 폭탄선언","6","20.07.08"
"839","어린 의뢰인","10","20.07.08"
"840","#살아있다","1","20.07.08"
"841","큐브","10","20.07.08"
"842","소리꾼","10","20.07.08"
"843","후궁 : 제왕의 첩","10","20.07.08"
"844","장화, 홍련","10","20.07.08"
"845","#살아있다","7","20.07.08"
"846","인디아나 존스: 크리스탈 해골의 왕국","10","20.07.08"
"847","코코","10","20.07.08"
"848","밤쉘: 세상을 바꾼 폭탄선언","6","20.07.08"
"849","어린 의뢰인","10","20.07.08"
"850","#살아있다","1","20.07.08"
"851","큐브","10","20.07.08"
"852","소리꾼","10","20.07.08"
"853","후궁 : 제왕의 첩","10","20.07.08"
"854","장화, 홍련","10","20.07.08"
"855","#살아있다","7","20.07.08"
"856","인디아나 존스: 크리스탈 해골의 왕국","10","20.07.08"
"857","코코","10","20.07.08"
"858","밤쉘: 세상을 바꾼 폭탄선언","6","20.07.08"
"859","어린 의뢰인","10","20.07.08"
"860","#살아있다","1","20.07.08"
"861","큐브","10","20.07.08"
"862","소리꾼","10","20.07.08"
"863","후궁 : 제왕의 첩","10","20.07.08"
"864","장화, 홍련","10","20.07.08"
"865","#살아있다","7","20.07.08"
"866","인디아나 존스: 크리스탈 해골의 왕국","10","20.07.08"
"867","코코","10","20.07.08"
"868","밤쉘: 세상을 바꾼 폭탄선언","6","20.07.08"
"869","어린 의뢰인","10","20.07.08"
"870","#살아있다","1","20.07.08"
"871","큐브","10","20.07.08"
"872","소리꾼","10","20.07.08"
"873","후궁 : 제왕의 첩","10","20.07.08"
"874","장화, 홍련","10","20.07.08"
"875","#살아있다","7","20.07.08"
"876","인디아나 존스: 크리스탈 해골의 왕국","10","20.07.08"
"877","코코","10","20.07.08"
"878","밤쉘: 세상을 바꾼 폭탄선언","6","20.07.08"
"879","어린 의뢰인","10","20.07.08"
"880","#살아있다","1","20.07.08"
"881","큐브","10","20.07.08"
"882","소리꾼","10","20.07.08"
"883","후궁 : 제왕의 첩","10","20.07.08"
"884","장화, 홍련","10","20.07.08"
"885","#살아있다","7","20.07.08"
"886","인디아나 존스: 크리스탈 해골의 왕국","10","20.07.08"
"887","코코","10","20.07.08"
"888","밤쉘: 세상을 바꾼 폭탄선언","6","20.07.08"
"889","어린 의뢰인","10","20.07.08"
"890","#살아있다","1","20.07.08"
"891","큐브","10","20.07.08"
"892","소리꾼","10","20.07.08"
"893","후궁 : 제왕의 첩","10","20.07.08"
"894","장화, 홍련","10","20.07.08"
"895","#살아있다","7","20.07.08"
"896","인디아나 존스: 크리스탈 해골의 왕국","10","20.07.08"
"897","코코","10","20.07.08"
"898","밤쉘: 세상을 바꾼 폭탄선언","6","20.07.08"
"899","어린 의뢰인","10","20.07.08"
"900","#살아있다","1","20.07.08"
"901","큐브","10","20.07.08"
"902","소리꾼","10","20.07.08"
"903","후궁 : 제왕의 첩","10","20.07.08"
"904","장화, 홍련","10","20.07.08"
"905","#살아있다","7","20.07.08"
"906","인디아나 존스: 크리스탈 해골의 왕국","10","20.07.08"
"907","코코","10","20.07.08"
"908","밤쉘: 세상을 바꾼 폭탄선언","6","20.07.08"
"909","어린 의뢰인","10","20.07.08"
"910","#살아있다","1","20.07.08"
"911","큐브","10","20.07.08"
"912","소리꾼","10","20.07.08"
"913","후궁 : 제왕의 첩","10","20.07.08"
"914","장화, 홍련","10","20.07.08"
"915","#살아있다","7","20.07.08"
"916","인디아나 존스: 크리스탈 해골의 왕국","10","20.07.08"
"917","코코","10","20.07.08"
"918","밤쉘: 세상을 바꾼 폭탄선언","6","20.07.08"
"919","어린 의뢰인","10","20.07.08"
"920","#살아있다","1","20.07.08"
"921","큐브","10","20.07.08"
"922","소리꾼","10","20.07.08"
"923","후궁 : 제왕의 첩","10","20.07.08"
"924","장화, 홍련","10","20.07.08"
"925","#살아있다","7","20.07.08"
"926","인디아나 존스: 크리스탈 해골의 왕국","10","20.07.08"
"927","코코","10","20.07.08"
"928","밤쉘: 세상을 바꾼 폭탄선언","6","20.07.08"
"929","어린 의뢰인","10","20.07.08"
"930","#살아있다","1","20.07.08"
"931","큐브","10","20.07.08"
"932","소리꾼","10","20.07.08"
"933","후궁 : 제왕의 첩","10","20.07.08"
"934","장화, 홍련","10","20.07.08"
"935","#살아있다","7","20.07.08"
"936","인디아나 존스: 크리스탈 해골의 왕국","10","20.07.08"
"937","코코","10","20.07.08"
"938","밤쉘: 세상을 바꾼 폭탄선언","6","20.07.08"
"939","어린 의뢰인","10","20.07.08"
"940","#살아있다","1","20.07.08"
"941","큐브","10","20.07.08"
"942","소리꾼","10","20.07.08"
"943","후궁 : 제왕의 첩","10","20.07.08"
"944","장화, 홍련","10","20.07.08"
"945","#살아있다","7","20.07.08"
"946","인디아나 존스: 크리스탈 해골의 왕국","10","20.07.08"
"947","코코","10","20.07.08"
"948","밤쉘: 세상을 바꾼 폭탄선언","6","20.07.08"
"949","어린 의뢰인","10","20.07.08"
"950","#살아있다","1","20.07.08"
"951","큐브","10","20.07.08"
"952","소리꾼","10","20.07.08"
"953","후궁 : 제왕의 첩","10","20.07.08"
"954","장화, 홍련","10","20.07.08"
"955","#살아있다","7","20.07.08"
"956","인디아나 존스: 크리스탈 해골의 왕국","10","20.07.08"
"957","코코","10","20.07.08"
"958","밤쉘: 세상을 바꾼 폭탄선언","6","20.07.08"
"959","어린 의뢰인","10","20.07.08"
"960","#살아있다","1","20.07.08"
"961","큐브","10","20.07.08"
"962","소리꾼","10","20.07.08"
"963","후궁 : 제왕의 첩","10","20.07.08"
"964","장화, 홍련","10","20.07.08"
"965","#살아있다","7","20.07.08"
"966","인디아나 존스: 크리스탈 해골의 왕국","10","20.07.08"
"967","코코","10","20.07.08"
"968","밤쉘: 세상을 바꾼 폭탄선언","6","20.07.08"
"969","어린 의뢰인","10","20.07.08"
"970","#살아있다","1","20.07.08"
"971","큐브","10","20.07.08"
"972","소리꾼","10","20.07.08"
"973","후궁 : 제왕의 첩","10","20.07.08"
"974","장화, 홍련","10","20.07.08"
"975","#살아있다","7","20.07.08"
"976","인디아나 존스: 크리스탈 해골의 왕국","10","20.07.08"
"977","코코","10","20.07.08"
"978","밤쉘: 세상을 바꾼 폭탄선언","6","20.07.08"
"979","어린 의뢰인","10","20.07.08"
"980","#살아있다","1","20.07.08"
"981","큐브","10","20.07.08"
"982","소리꾼","10","20.07.08"
"983","후궁 : 제왕의 첩","10","20.07.08"
"984","장화, 홍련","10","20.07.08"
"985","#살아있다","7","20.07.08"
"986","인디아나 존스: 크리스탈 해골의 왕국","10","20.07.08"
"987","코코","10","20.07.08"
"988","밤쉘: 세상을 바꾼 폭탄선언","6","20.07.08"
"989","어린 의뢰인","10","20.07.08"
"990","#살아있다","1","20.07.08"
"991","큐브","10","20.07.08"
"992","소리꾼","10","20.07.08"
"993","후궁 : 제왕의 첩","10","20.07.08"
"994","장화, 홍련","10","20.07.08"
"995","#살아있다","7","20.07.08"
"996","인디아나 존스: 크리스탈 해골의 왕국","10","20.07.08"
"997","코코","10","20.07.08"
"998","밤쉘: 세상을 바꾼 폭탄선언","6","20.07.08"
"999","어린 의뢰인","10","20.07.08"
"1000","#살아있다","1","20.07.08"
